{
    "data_fetch_all_async": {
        "mean": 683.4712999999998,
        "p50": 436.1694,
        "p95": 1307.0428799999997,
        "p99": 1384.4538559999999,
        "count": 3
    },
    "latest_prices_fetch_async": {
        "mean": 320.73466666666667,
        "p50": 359.5899,
        "p95": 403.01508,
        "p99": 406.875096,
        "count": 3
    },
    "signal_generation": {
        "mean": 30.629833333333334,
        "p50": 34.5219,
        "p95": 36.63951,
        "p99": 36.827742,
        "count": 3
    },
    "decision_and_risk": {
        "mean": 21.444133333333337,
        "p50": 24.579,
        "p95": 26.05518,
        "p99": 26.186396000000002,
        "count": 3
    },
    "e2e_cycle_async": {
        "mean": 1056.3300000000002,
        "p50": 903.1617,
        "p95": 1559.7099899999998,
        "p99": 1618.069838,
        "count": 3
    }
}