{
    "data_fetch_AAPL": {
        "mean": 461.90523333333334,
        "p50": 29.0221,
        "p95": 1206.1176099999998,
        "p99": 1310.748322,
        "count": 3
    },
    "data_fetch_MSFT": {
        "mean": 128.6654,
        "p50": 26.8494,
        "p95": 303.59814,
        "p99": 328.198028,
        "count": 3
    },
    "data_fetch_GOOGL": {
        "mean": 131.71613333333332,
        "p50": 36.5346,
        "p95": 299.63105999999993,
        "p99": 323.017412,
        "count": 3
    },
    "data_fetch_BTC-USD": {
        "mean": 2145.8272666666667,
        "p50": 2628.5765,
        "p95": 2743.6840700000002,
        "p99": 2753.9158540000003,
        "count": 3
    },
    "data_fetch_ETH-USD": {
        "mean": 2103.7569333333336,
        "p50": 2634.1107,
        "p95": 2640.4171800000004,
        "p99": 2640.977756,
        "count": 3
    },
    "data_fetch_SPY": {
        "mean": 438.24199999999996,
        "p50": 32.6991,
        "p95": 1138.6610399999997,
        "p99": 1236.968768,
        "count": 3
    },
    "data_fetch_QQQ": {
        "mean": 155.94803333333334,
        "p50": 31.8379,
        "p95": 371.84844999999996,
        "p99": 402.07161,
        "count": 3
    },
    "data_fetch_all": {
        "mean": 5566.1684,
        "p50": 5529.5752,
        "p95": 5736.8254,
        "p99": 5755.24764,
        "count": 3
    },
    "panel_construction": {
        "mean": 53.860733333333336,
        "p50": 66.6737,
        "p95": 78.17714,
        "p99": 79.19966799999999,
        "count": 3
    },
    "signal_generation": {
        "mean": 95.76799999999999,
        "p50": 120.8733,
        "p95": 141.97055999999998,
        "p99": 143.84587199999999,
        "count": 3
    },
    "decision_and_risk": {
        "mean": 15.053466666666665,
        "p50": 17.153,
        "p95": 17.53406,
        "p99": 17.567932,
        "count": 3
    },
    "e2e_cycle": {
        "mean": 5730.891566666666,
        "p50": 5757.7551,
        "p95": 5802.88281,
        "p99": 5806.894162,
        "count": 3
    }
}