{
    "data_panel_fetch_optimized": {
        "mean": 903.0930333333334,
        "p50": 335.054,
        "p95": 1872.2102599999998,
        "p99": 2008.846372,
        "count": 3
    },
    "latest_prices_fetch_reactive": {
        "mean": 422.1193666666666,
        "p50": 329.8041,
        "p95": 714.8791799999999,
        "p99": 749.108076,
        "count": 3
    },
    "signal_generation_parallel": {
        "mean": 217.54796666666667,
        "p50": 258.1105,
        "p95": 313.85812,
        "p99": 318.813464,
        "count": 3
    },
    "decision_and_risk": {
        "mean": 20.029833333333332,
        "p50": 20.9752,
        "p95": 36.49813,
        "p99": 37.877946,
        "count": 3
    },
    "e2e_cycle_final": {
        "mean": 1562.8445000000002,
        "p50": 1351.7648,
        "p95": 2457.37565,
        "p99": 2555.6521700000003,
        "count": 3
    }
}